<!--~~~~~~~~~~~~~~~~~~~~~~~~~~~~~~~~~~~~~~~~~~~~~~~~~~~~~~~~~~~~~~~~~~~~~~~~~~~~
  ~ Copyright (c) 2020 Konduit K.K.
  ~ Copyright (c) 2015-2019 Skymind, Inc.
  ~
  ~ This program and the accompanying materials are made available under the
  ~ terms of the Apache License, Version 2.0 which is available at
  ~ https://www.apache.org/licenses/LICENSE-2.0.
  ~
  ~ Unless required by applicable law or agreed to in writing, software
  ~ distributed under the License is distributed on an "AS IS" BASIS, WITHOUT
  ~ WARRANTIES OR CONDITIONS OF ANY KIND, either express or implied. See the
  ~ License for the specific language governing permissions and limitations
  ~ under the License.
  ~
  ~ SPDX-License-Identifier: Apache-2.0
  ~~~~~~~~~~~~~~~~~~~~~~~~~~~~~~~~~~~~~~~~~~~~~~~~~~~~~~~~~~~~~~~~~~~~~~~~~~~-->

<configuration>



    <appender name="FILE" class="ch.qos.logback.core.FileAppender">
        <file>logs/application.log</file>
        <encoder>
            <pattern>%date - [%level] - from %logger in %thread
                %n%message%n%xException%n</pattern>
        </encoder>
    </appender>

    <appender name="STDOUT" class="ch.qos.logback.core.ConsoleAppender">
        <encoder>
            <pattern> %logger{15} - %message%n%xException{5}
            </pattern>
        </encoder>
    </appender>

    <logger name="org.apache.catalina.core" level="DEBUG" />
    <logger name="org.springframework" level="DEBUG" />
    <logger name="org.deeplearning4j" level="INFO" />
    <logger name="org.canova" level="INFO" />
    <logger name="org.datavec" level="INFO" />
    <logger name="org.nd4j" level="INFO" />
    <logger name="opennlp.uima.util" level="OFF" />
    <logger name="org.apache.uima" level="OFF" />
    <logger name="org.cleartk" level="OFF" />



    <root level="ERROR">
        <appender-ref ref="STDOUT" />
        <appender-ref ref="FILE" />
    </root>

</configuration>

